{
    "statusCode": 0,
    "configDetailList": [
        {
            "registrationKey": "cap111",
            "applicationName": "ApurvWithCapacity_1212_2016-03-17T04:00:00.000Z",
            "engagementQuestions": [
                "I need to enhance software and as a result, am adding new transactions or causing an increased transaction load to affected systems.",
                "I need to create a new application instance (includes new third party applications).",
                "I need to replace physical servers with Virtual Machines (VMs) or new physical servers \n due to performance concerns or expected Base business growth"
            ],
            "dataDetails": {
                "itgField": "1212",
                "mgrField": "Glenn",
                "projectDescription": "",
                "targetDate": "2016-03-17T04:00:00.000Z",
                "eai": [
                    "123",
                    "456",
                    "246",
                    "111"
                ]
            },
            "capacityPlanData": {
                "engagementType": "Capacity Plan",
                "capacityPlanQuestions": [
                    "Q 1",
                    "Q 2"
                ],
                "requestTitle": "Cap Title",
                "requestDescription": "Capacity Request Description Updated",
                "serverHostNames": [
                    "test1.fedex.com",
                    "test2.fedex.com",
                    "test3.fedex.com"
                ]
            }
        },
        {
            "registrationKey": "",
            "applicationName": "ApurvWithCapacity_1212_2016-03-17T04:00:00.000Z",
            "engagementQuestions": null,
            "dataDetails": {
                "itgField": "1212",
                "mgrField": "Glenn",
                "projectDescription": "",
                "targetDate": "2016-03-17T04:00:00.000Z",
                "eai": [
                    "123",
                    "456",
                    "246",
                    "111"
                ]
            },
            "capacityPlanData": {
                "engagementType": "",
                "capacityPlanQuestions": null,
                "requestTitle": "",
                "requestDescription": "",
                "serverHostNames": null
            }
        },
        {
            "registrationKey": "",
            "applicationName": "ApurvWithData_1234567_2016-03-17T04:00:00.000Z",
            "engagementQuestions": null,
            "dataDetails": {
                "itgField": "1234567",
                "mgrField": "Glenn",
                "projectDescription": "",
                "targetDate": "2016-03-17T04:00:00.000Z",
                "eai": null
            },
            "capacityPlanData": {
                "engagementType": "",
                "capacityPlanQuestions": null,
                "requestTitle": "",
                "requestDescription": "",
                "serverHostNames": null
            }
        },
        {
            "registrationKey": "xyz123",
            "applicationName": "ApurvWithEaiData_1212_2016-03-17T04:00:00.000Z",
            "engagementQuestions": [
                "I need to enhance software and as a result, am adding new transactions or causing an increased transaction load to affected systems.",
                "I need to create a new application instance (includes new third party applications).",
                "I need to replace physical servers with Virtual Machines (VMs) or new physical servers \n due to performance concerns or expected Base business growth"
            ],
            "dataDetails": {
                "itgField": "1212",
                "mgrField": "Glenn",
                "projectDescription": "",
                "targetDate": "2016-03-17T04:00:00.000Z",
                "eai": [
                    "123",
                    "456",
                    "246",
                    "111"
                ]
            },
            "capacityPlanData": {
                "engagementType": "",
                "capacityPlanQuestions": null,
                "requestTitle": "",
                "requestDescription": "",
                "serverHostNames": null
            }
        },
        {
            "registrationKey": "abc123",
            "applicationName": "ApurvWithEngagementQuestions_1212_2016-03-18T14:00:00.000Z",
            "engagementQuestions": [
                "I need to enhance software and as a result, am adding new transactions or causing an increased transaction load to affected systems.",
                "I need to create a new application instance (includes new third party applications).",
                "I need to replace physical servers with Virtual Machines (VMs) or new physical servers \n due to performance concerns or expected Base business growth"
            ],
            "dataDetails": {
                "itgField": "1212",
                "mgrField": "Glenn",
                "projectDescription": "",
                "targetDate": "2016-03-18T14:00:00.000Z",
                "eai": null
            },
            "capacityPlanData": {
                "engagementType": "",
                "capacityPlanQuestions": null,
                "requestTitle": "",
                "requestDescription": "",
                "serverHostNames": null
            }
        },
        {
            "registrationKey": "",
            "applicationName": "",
            "engagementQuestions": null,
            "dataDetails": {
                "itgField": "",
                "mgrField": "",
                "projectDescription": "",
                "targetDate": "",
                "eai": null
            },
            "capacityPlanData": {
                "engagementType": "",
                "capacityPlanQuestions": null,
                "requestTitle": "",
                "requestDescription": "",
                "serverHostNames": null
            }
        },
        {
            "registrationKey": "",
            "applicationName": "Test_111_2016-04-21T05:00:00.000Z",
            "engagementQuestions": null,
            "dataDetails": {
                "itgField": "111",
                "mgrField": "Glenn",
                "projectDescription": "",
                "targetDate": "2016-04-21T05:00:00.000Z",
                "eai": [
                    "123",
                    "111"
                ]
            },
            "capacityPlanData": {
                "engagementType": "",
                "capacityPlanQuestions": null,
                "requestTitle": "",
                "requestDescription": "",
                "serverHostNames": null
            }
        },
        {
            "registrationKey": "",
            "applicationName": "Thiru_1234567_2016-03-17T04:00:00.000Z",
            "engagementQuestions": null,
            "dataDetails": {
                "itgField": "1234567",
                "mgrField": "3760",
                "projectDescription": "ADRE Project description for ITG 123456",
                "targetDate": "2016-03-17T04:00:00.000Z",
                "eai": [
                    "5113",
                    "1234"
                ]
            },
            "capacityPlanData": {
                "engagementType": "",
                "capacityPlanQuestions": null,
                "requestTitle": "",
                "requestDescription": "",
                "serverHostNames": null
            }
        },
        {
            "registrationKey": "",
            "applicationName": "Apurv_112233_2016-03-17T04:00:00.000Z",
            "engagementQuestions": null,
            "dataDetails": {
                "itgField": "112233",
                "mgrField": "3760",
                "projectDescription": "ADRE Project description for ITG 112233",
                "targetDate": "2016-03-17T04:00:00.000Z",
                "eai": [
                    "112233"
                ]
            },
            "capacityPlanData": {
                "engagementType": "",
                "capacityPlanQuestions": null,
                "requestTitle": "",
                "requestDescription": "",
                "serverHostNames": null
            }
        },
        {
            "registrationKey": "",
            "applicationName": "Thiru_2345678_2016-03-17T04:00:00.000Z",
            "engagementQuestions": null,
            "dataDetails": {
                "itgField": "2345678",
                "mgrField": "3760",
                "projectDescription": "ADRE Project description for ITG 2345678",
                "targetDate": "2016-03-17T04:00:00.000Z",
                "eai": [
                    "5113",
                    "1234",
                    "5678"
                ]
            },
            "capacityPlanData": {
                "engagementType": "",
                "capacityPlanQuestions": null,
                "requestTitle": "",
                "requestDescription": "",
                "serverHostNames": null
            }
        }
    ],
    "configNameExists": false,
    "emailSent": false
}