{"eaiRec": 
    [
        {"eaiNumber": 123, "eaiName": "Rick Weaver","profileId": 841992, "profileName": "Rick Weaver"},
        {"eaiNumber": 456, "eaiName": "Rick Weaver","profileId": 841992, "profileName": "Rick Weaver"},
        {"eaiNumber": 246, "eaiName": "Rick Weaver","profileId": 841992, "profileName": "Rick Weaver"},
        {"eaiNumber": 111, "eaiName": "Rick Weaver","profileId": 841992, "profileName": "Rick Weaver"},
        {"eaiNumber": 1111, "eaiName": "Rick Weaver","profileId": 841992, "profileName": "Rick Weaver"},
        {"eaiNumber": 2222, "eaiName": "Rick Weaver","profileId": 841992, "profileName": "Rick Weaver"},
        {"eaiNumber": 3333, "eaiName": "Rick Weaver","profileId": 841992, "profileName": "Rick Weaver"},
        {"eaiNumber": 4444, "eaiName": "Rick Weaver","profileId": 841992, "profileName": "Rick Weaver"},
        {"eaiNumber": 112233, "eaiName": "Rick Weaver","profileId": 841992, "profileName": "Rick Weaver"},
        {"eaiNumber": 5113, "eaiName": "Rick Weaver","profileId": 841992, "profileName": "Rick Weaver"},
        {"eaiNumber": 1234, "eaiName": "Rick Weaver","profileId": 841992, "profileName": "Rick Weaver"},
        {"eaiNumber": 5678, "eaiName": "Rick Weaver","profileId": 841992, "profileName": "Rick Weaver"}
    ]
}